d_omim_id	d_name	d_name_alias	d_category	d_inheritance	d_evidence	r_unit	r_region	g_symbol	g_name	r_type	normal_low	normal_high	premutation_low	premutation_high	pathogenic_low	pathogenic_motifs	Remark	Manual_Paper
309548	"Mental Retardation, X-Linked, Associated with Fragile Site Fraxe"	Fraxe Mental Retardation Syndrome; Mrfraxe; Fraxe Intellectual Disability; Fraxe Mental Retardation Syndrome	repeat expansion	x-linked recessive	Strong	CCG	5' UTR	AFF2	AF4/FMR2 family member 2	noncoding	0	39	40	200	201	GCC	Modified motif	
601464	"rare, folate sensitive fragile site"	FRA2	repeat expansion	autosomal dominant	Weak	CGG	5' UTR	AFF3	"AF4/FMR2 FAMILY, MEMBER 3"	noncoding	3	20	20	299	300	GCC	Manually added	https://www.ncbi.nlm.nih.gov/pmc/articles/PMC3998887/
313200	Spinal and Bulbar Muscular Atrophy	"Spinal and Bulbar Muscular Atrophy; Sbma; Kennedy Disease; Kennedy Spinal and Bulbar Muscular Atrophy; Bulbospinal Muscular Atrophy, X-linked; Bulbospinal Neuronopathy, X-linked Recessive; Spinal and Bulbar Muscular Atrophy, X-linked 1; Smax1; Xbsn"	repeat expansion	x-linked recessive	Strong	CAG	CDS	AR	androgen receptor	coding	9	36	36	37	38	GCA	Modified motif	
308350	"Epileptic Encephalopathy, Early Infantile, 1"	"EIEE1; Infantile Spasm Syndrome, X-linked 1; Issx1; West Syndrome, X-linked; Ohtahara Syndrome, X-linked; Infantile Epileptic-dyskinetic Encephalopathy; Xmesid"	repeat expansion	x-linked recessive	Strong	GCG	CDS	ARX	aristaless related homeobox	coding	10	16	16	16	17	GCG		
309510	Partington X-Linked Mental Retardation Syndrome	"Prts; Mental Retardation, X-linked, Syndromic 1; Mrxs1; Mental Retardation, X-linked, with Dystonic Movements, Ataxia, and Seizures; Mental Retardation, X-linked 36; Mrx36"	repeat expansion	x-linked recessive	Strong	GCG	CDS	ARX	aristaless related homeobox	coding	12	12	13	19	20	GCG		
125370	"Dentatorubral-Pallidoluysian Atrophy, Naito-Oyanagi Disease"	Naito-Oyanagi Disease; DRPLA	repeat expansion	autosomal dominant	Strong	CAG	CDS	ATN1	atrophin 1	coding	6	35	36	48	49	CAG		
164400	Spinocerebellar Ataxia 1	Spinocerebellar Atrophy I; Olivopontocerebellar Atrophy I; Opca I; opca1; Cerebelloparenchymal Disorder I; Cpd1; Menzel Type Opca; Olivopontocerebellar Atrophy IV; Opca IV; Opca4; Schut-haymaker Type Opca	repeat expansion	autosomal dominant	Strong	CAG	CDS	ATXN1	ataxin 1	coding	6	39	40	40	41	TGC	Modified motif	
603516	Spinocerebellar Ataxia 10	SCA10	repeat expansion	autosomal dominant	Strong	ATTCT	intron 9	ATXN10	ataxin 10	noncoding	10	29	29	400	401	ATTCT		
183090	Spinocerebellar Ataxia 2	"Spinocerebellar Atrophy II; Sca2; Olivopontocerebellar Atrophy, Holguin Type; Olivopontocerebellar Atrophy II; opca2; Spinocerebellar Ataxia, Cuban type; Cerebellar Degeneration with Slow Eye Movements; Wadia-swami Syndrome; Spinocerebellar Degeneration W"	repeat expansion	autosomal dominant	Strong	CAG	CDS	ATXN2	ataxin 2	coding	13	31	31	32	33	GCT		
109150	Spinocerebellar Ataxia 3	"Azorean Ataxia, MJD, Machado-Joseph Disease, SCA3"	repeat expansion	autosomal dominant	Strong	CAG	CDS	ATXN3	ataxin 3	coding	12	44	45	51	52	CAG		
164500	Spinocerebellar Ataxia 7	SCA7	repeat expansion	autosomal dominant	Strong	CAG	CDS	ATXN7	ataxin 7	coding	4	28	29	36	37	GCA		
608768	Spinocerebellar Ataxia 8	SCA8	repeat expansion	 autosomal dominant	Strong	CAG	CDS	ATXN8	Ataxin 8	coding	15	50	51	70	71	CTG		
608768	Spinocerebellar Ataxia 8	SCA8	repeat expansion	autosomal dominant	Strong	CTG	exon	ATXN8OS	ATXN8 opposite strand	noncoding	15	34	34	89	90	CTG	Not in bed	
117210	Spinocerebellar Ataxia 31	SCA31	repeat expansion		Strong	TGGAA	intron 1	BEAN1	"brain expressed, associated with NEDD4, 1"	noncoding	8	26	27	109	110	TGGAA		
105550	Frontotemporal Degeneration and Amyotrophic Lateral Sclerosis	FTD and ALS	repeat expansion	autosomal dominant	Strong	GGGGCC	intron 1	C9ORF72	chromosome 9 open reading frame 72	noncoding	2	19	20	249	250	GGCCCC	Modified motif	
616109	"FRAGILE SITE, FOLIC ACID TYPE, RARE, FRA(11)(q13.3), INCLUDED; FRA11A, INCLUDED"	FRA11A	repeat expansion	autosomal dominant	Weak	CGG	5' UTR	C11ORF80	CHROMOSOME 11 OPEN READING FRAME 80; C11ORF80	noncoding	6	8	9	499	500	GCG	Manually added	https://pubmed.ncbi.nlm.nih.gov/18160775/
183086	Spinocerebellar Ataxia 6	SCA6	repeat expansion	autosomal dominant	Strong	CAG	CDS	CACNA1A	"calcium channel, voltage-dependent, P/Q type, alpha 1A subunit"	coding	4	18	19	19	20	CTG	Modified motif	
147791	Jacobsen Syndrome	FRA11B; Chromosome 11q Deletion Syndrome; Partial 11q Monosomy Syndrome	repeat expansion	isolated cases	Weak	CCG	5' UTR	CBL	Cbl proto-oncogene	noncoding	0	11	12	99	100	CGG	Modified motif	
602668	Myotonic Dystrophy 2	Proximal Myotonic Myopathy; Myotonic Dystrophy Type 2; Ricker Syndrome; Promm; Dystrophia Myotonica Type 2	repeat expansion	autosomal dominant	Strong	CCTG	intron 1	CNBP	CCHC-type zinc finger nucleic acid binding protein	noncoding	11	30	31	75	76	CAGG	Modified motif	
132400	"Epiphyseal Dysplasia, Multiple, 1"	EDM1; Epiphyseal Dysplasia-1	repeat expansion	Autosomal dominant	Weak	GAC	CDS	COMP	cartilage oligomeric matrix protein	coding	0	5	5	5	6	GTC	Modified motif	
254800	Myoclonic Epilepsy of Unverricht and Lundborg	"Uld Epilepsy, Progressive Myoclonic 1; Epm1 Progressive Myoclonic Epilepsy; Pme Baltic Myoclonic Epilepsy Epilepsy, Progressive Myoclonic 1a; Epm1a"	repeat expansion	autosomal recessive	Weak	CCCCGCCCCGCG	5' UTR	CSTB	cystatin B	noncoding	2	3	4	29	30	CGCGGGGCGGGG	Modified motif	
615945	Spinocerebellar Ataxia 37	SCA37	repeat expansion	autosomal dominant	Strong	TTTCA/TTTTA	intron 11	DAB1	DAB1; reelin adaptor protein	noncoding	7	400	0	30	31	GAAAT		
136630	"Mental retardation, FRA12A type"	FRA12A	repeat expansion	autosomal dominant	Strong	CGG	5' UTR	DIP2B	DIP2 disco-interacting protein 2 homolog B	noncoding	12	26	27	149	150	GGC	Modified motif	
300377	Duchenne Muscular Dystrophy	DMD	repeat expansion	x-linked recessive	Strong	GAA	intron 62	DMD	dystrophin	nocoding	11	33	34	58	59	GAA	Not in bed	
160900	Myotonic Dystrophy 1	Steinert's Disease; Myotonic Dystrophy Type 1; Dm1	repeat expansion	autosomal dominant	Strong	CTG	3' UTR	DMPK	DM1 protein kinase	noncoding	5	37	38	49	50	CAG	Modified motif	
268305	Robin Sequence with Cleft Mandible and Limb Anomalies	Rcps; Richieri-Costa-Pereira Syndrome	repeat expansion	autosomal recessive	Strong	TCGGCAGCGG(CA/G)CAGCGAGG	5' UTR	EIF4A3	eukaryotic translation initiation factor 4A3	noncoding	3	12	13	13	14	TCGGCAGCGG(CA/G)CAGCGAGG		
300623	Fragile X Tremor/ataxia Syndrome	Fxtas Syndrome; Fxtas; Fragile X-Associated Tremor/ataxia Syndrome	repeat expansion	x-linked dominant	Strong	CGG	5' UTR	FMR1	fragile X mental retardation 1	noncoding	0	54	55	200	201	CGG		
300624	Fragile X Mental Retardation Syndrome	"Fragile X Syndrome; Mental Retardation, X-linked, Associated with Marxq28; X-linked Mental Retardation and Macroorchidism; Marker X Syndrome; Martin-bell Syndrome"	repeat expansion	X-linked dominant	Strong	CGG	5' UTR	FMR1	fragile X mental retardation 1	noncoding	6	52	59	230	231	CGG		
311360	Premature Ovarian Failure 1	"Premature Ovarian Failure, X-linked; Pofx; Hypergonadotropic Ovarian Failure, X-linked; Ovarian Failure, Premature; Pof; Pof1"	repeat expansion	x-linked inheritance	Strong	CGG	5' UTR	FMR1	FMR1 fragile X mental retardation 1	noncoding	7	40	41	199	200	CGG		
110100	"Blepharophimosis, Ptosis, and Epicanthus Inversus Syndrome"	"BPES, Type I, Included; BPES, Type II, Included; BPES with Ovarian Failure, Included; BPES without Ovarian Failure, Included; BPES with Duane Retraction Syndrome, Included; BPES, Type I, Autosomal Recessive, Included"	repeat expansion	autosomal dominant	Strong	GCG	CDS	FOXL2	forkhead box L2	coding	0	14	15	21	22	NGC	Degenerate motif	
608866	"rare, folate sensitive fragile site"	FRA10A	repeat expansion	autosomal recessive	Weak	CGG	5' UTR	FRA10AC1	FRA10A-ASSOCIATED CGG REPEAT 1; FRA10AC1		8	14	15	199	200	CCG	Manually added	https://www.sciencedirect.com/science/article/pii/S0888754304000242
229300	Friedreich Ataxia 1	Friedreich Ataxia with Retained Reflexes; Fdra; Friedreich Spinocerebellar Ataxia; Hereditary Spinal Sclerosis	repeat expansion	autosomal recessive	Strong	GAA	intron 1	FXN	frataxin	noncoding	5	30	31	69	70	GAA		
618940	Oculopharyngodistal Myopathy 2	OPDM2	repeat expansion	autosomal dominant	Strong	CGG	5' UTR	GIPC1	GIPC PDZ domain containing family member 1	noncoding	12	32	33	96	97	CCG	Modified motif	
618412	"Global Developmental Delay, Progressive Ataxia, and Elevated Glutamine"	GDPAG	repeat expansion	 autosomal recessive	Strong	GCA	5' UTR	GLS	glutaminase	noncoding	8	16	17	679	680	GCA		
140000	Hand-Foot-Genital Syndrome	"HFGS, HFG Syndrome; Hand-foot-uterus Syndrome; HFU"	repeat expansion	autosomal dominant	Strong	GCG	CDS	HOXA13	homeobox A13	coding	12	18	19	23	24	NGC	Degenerate motif	
186000	Synpolydactyly 1	SPD1; SPD2	repeat expansion	autosomal dominant	Strong	GCG	CDS	HOXD13	homeobox D13	coding	0	15	16	21	22	GCN	Degenerate motif	
143100	Huntington Disease	HD; Huntington Chorea	repeat expansion	autosomal dominant	Strong	CAG	CDS	HTT	huntingtin	coding	9	29	30	37	38	CAG		
606438	Huntington Disease-Like 2	HDL2	repeat expansion	autosomal dominant	Strong	CTG	3' UTR	JPH3	junctophilin 3	coding	6	28	29	35	41	CTG		
618637	Oculopharyngeal Myopathy with Leukoencephalopathy	OPML	repeat expansion	 autosomal dominant	Strong	CGG	exon	LOC642361	LOC642361	noncoding	0	6	7	36	37	CGG	Not in bed	
164310	Oculopharyngodistal Myopathy	OPDM	repeat expansion	 autosomal dominant;Autosomal recessive	Strong	CGG	5' UTR	LRP12	LDL receptor related protein 12	noncoding	13	45	46	51	52	CCG	Modified motif	
613608	"Epilepsy, Familial Adult Myoclonic, 3"	FAME3	repeat expansion	autosomal dominant	Strong	TTTCA/TTTTA	intron	MARCHF6	membrane associated ring-CH-type finger 6	noncoding	10	30	0	659	660	TTTCA	Modified motif	
105400	Amyotrophic Lateral Sclerosis 1	"ALS1, ALS"	repeat expansion	autosomal recessive;autosomal dominant	Weak	GCG	CDS	NIPA1	NIPA magnesium transporter 1	coding	7	8	8	10	11	GCG	Manually modified pathogenic threshold from https://stripy.org/database	
614153	Spinocerebellar Ataxia 36	"Asidan/SCA36, Costa da Morte Ataxia, SCA36"	repeat expansion	autosomal dominant	Strong	GGCCTG	intron 4	NOP56	NOP56 ribonucleoprotein	noncoding	3	14	15	649	650	GGCCTG		
603472	Neuronal Intranuclear Inclusion Disease	NIID	repeat expansion	 autosomal dominant	Strong	CGG	5' UTR	NOTCH2NLC	notch 2 N-terminal like C	noncoding	7	60	60	60	61	GGC	Modified motif	
603472	Neuronal Intranuclear Inclusion Disease	NIID	repeat expansion	 autosomal dominant	Strong	CGG	5' UTR	NOTCH2NL	notch 2 N-terminal like C	noncoding	7	60	60	60	61	GGC	Duplicated from NOTCH2NLC	
618637	Oculopharyngeal Myopathy with Leukoencephalopathy	OPML	repeat expansion	 autosomal dominant	Strong	CCG	exon	NUTM2B-AS1	NUTM2B antisense RNA 1	noncoding	3	16	16	39	40	CGG	Modified motif	
164300	Oculopharyngeal Muscular Dystrophy	"Muscular Dystrophy, Oculopharyngeal; Opmd"	repeat expansion	autosomal dominant	Strong	GCG	CDS	PABPN1	"poly(A) binding protein, nuclear 1"	coding	6	10	11	11	12	GCG		
209880	"Central Hypoventilation Syndrome, Congenital"	"CCHS; Autonomic Control, Congenital Failure of; Ondine Curse, Congenital"	repeat expansion	autosomal dominant	Strong	GCG	CDS	PHOX2B	paired-like homeobox 2b	coding	0	20	21	23	24	GCN	Degenerate motif	
604326	Spinocerebellar Ataxia 12	SCA12	repeat expansion	autosomal dominant	Strong	CAG	5' UTR	PPP2R2B	"protein phosphatase 2, regulatory subunit B, beta"	noncoding	7	32	33	50	51	GCT	Modified motif	
616488	"Neuropathy, Hereditary Sensory and Autonomic, Type VIII"	HSAN8	repeat expansion	autosomal recessive	Strong	GCC	CDS	PRDM12	PR/SET domain 12	coding	0	12	13	17	18	GCC	Not in bed	
123400	Creutzfeldt-Jakob Disease	CJD	repeat expansion	autosomal dominant	Strong	CCTCATGGTGGTGGCTGGGGGCAG	CDS	PRNP	prion protein	coding	0	5	6	9	10	CCTCATGGTGGTGGCTGGGGGCAG	Not in bed	
618075	"Epilepsy, Familial Adult Myoclonic, 7"	FAME7; BAFME7	repeat expansion	 autosomal dominant	Strong	TTTCA/TTTTA	intron	RAPGEF2	Rap guanine nucleotide exchange factor 2	noncoding	17	600	0	26	28	TTTCA	Modified motif	
614575	"Cerebellar Ataxia, Neuropathy, and Vestibular Areflexia Syndrome"	CANVAS	repeat expansion	autosomal recessive	Strong	AAGGG	intron	RFC1	replication factor C subunit 1	noncoding	0	11	12	99	100	AAGGG		
600211	Cleidocranial Dysplasia	Cleidocranial Dysostosis	repeat expansion	autosomal dominant	Strong	GCN	CDS	RUNX2	runt-related transcription factor 2	coding	0	17	18	26	27	GCN	Degenerate motif	
601068	Familial Adult Myoclonic Epilepsy-1	FAME1; BAFME1; FCMTE1	repeat expansion	autosomal dominant	Strong	TTTCA/TTTTA	intron	SAMD12	sterile alpha motif domain containing 12	noncoding	7	300	0	148	150	TGAAA	Modified motif	
300123	"Mental Retardation, X-linked"	"Mental retardation, X-linked, with isolated growth hormone deficiency"	repeat expansion	x-linked recessive	Strong	GCN	CDS	SOX3	SRY-box 3	coding	0	11	12	21	22	NGC	Modified motif; Manually modified pathogenic threshold from https://stripy.org/database	
182601	"Spastic Paraplegia 4, Autosomal Dominant"	"Hereditary Spastic Paraplegia, Spastin Type; SPAST-Associated HSP; SPG4"	repeat expansion	autosomal dominant	Strong	CAG	CDS	SPAST	spastin	coding	0	15	16	59	60	CAG	Not in bed	
607876	"Epilepsy, Familial Adult Myoclonic, 2"	FAME2	repeat expansion	 autosomal dominant	Strong	TTTCA/TTTTA	intron	STARD7	StAR related lipid transfer domain containing 7	noncoding	9	20	0	660	661	TGAAA	Modified motif	
314250	"Dystonia 3, Torsion, X-Linked"	DYT3	repeat expansion	x-linked recessive	Strong	CCCTCT	intron	TAF1	TATA-box binding protein associated factor 1	noncoding	0	34	34	34	35	CCCTCT		
607136	Spinocerebellar Ataxia 17	"SCA17, HDL4, Huntington Disease-like 4"	repeat expansion	autosomal dominant	Strong	CAG	CDS	TBP	TATA box binding protein	coding	25	44	45	46	47	GCA	Modified motif	
187500	Tetralogy of Fallot	TOF	repeat expansion	autosomal dominant	Weak	GCN	CDS	TBX1	T-box transcription factor 1	coding	0	15	15	24	25	GCN	Not in bed	
602272	Fuchs Endothelial Corneal Dystrophy	"Fcd2 Locus; Corneal Dystrophy, Fuchs Endothelial, Late-onset"	repeat expansion	autosomal dominant	Strong	CTG	intron 3	TCF4	transcription factor 4	noncoding	5	31	40	50	51	CAG		
300031	Fraxf Syndrome 	Fraxf Syndrome	repeat expansion	autosomal dominant	Weak	CGG	5' UTR	TMEM185A	"FAMILY WITH SEQUENCE SIMILARITY 11, MEMBER A; FAM11A"	noncoding	7	40	41	299	300	GCC	Manually added	https://www.genecards.org/cgi-bin/carddisp.pl?gene=TMEM185A
618074	"Epilepsy, Familial Adult Myoclonic, 6"	FAME6; BAFME6	repeat expansion	 autosomal dominant	Strong	TTTCA/TTTTA	intron	TNRC6A	Trinucleotide repeat containing 6A	noncoding	0	120	121	1099	1100	TTTCA	Manually modified pathogenic threshold from https://stripy.org/database	
619216	"Neuropathy, Hereditary Motor, With Myopathic Features"	HMNMYO	repeat expansion	 autosomal recessive	Weak	GGCGCGGAGC	CDS	VWA1	von Willebrand factor A domain containing 1	coding	0	2	2	2	3	GGCGCGGAGC	Not in bed	
615777	Baratela-Scott syndrome	BSS	repeat expansion	 autosomal recessive	Strong	GGC	promoter	XYLT1	xylosyltransferase 1	noncoding	9	20	21	119	120	GCC	Modified motif	
615127	"Epilepsy, Familial Adult Myoclonic, 4"	FAME4	repeat expansion	autosomal dominant	Strong	TTTCA/TTTTA	intron	YEATS2	YEATS domain containing 2	noncoding	7	400	401	999	1000	TTTCA	Modified motif; Manually modified pathogenic threshold from https://stripy.org/database	
609637	Holoprosencephaly 5	HPE5	repeat expansion	autosomal dominant	Weak	GCG	CDS	ZIC2	Zic family member 2	coding	0	15	16	24	25	GCN	Degenerate motif	
314390	"Vacterl Association, X-linked, with or without Hydrocephalus"	"Vacterl-h, X-linked; Vacterlx"	repeat expansion	x-linked recessive;x-linked recessive	Weak	GCC	CDS	ZIC3	Zic family member 3	coding	0	10	11	11	12	GCC	Not in bed	
616181	"FRAGILE SITE, FOLIC ACID TYPE, RARE, FRA(7)(p11.2), INCLUDED; FRA7A, INCLUDED"		repeat expansion	autosomal dominant	Weak	CGG	intron	ZNF713	ZINC FINGER PROTEIN 713; ZNF713	noncoding	5	22	50	200	201	CGG	Manually added	https://onlinelibrary.wiley.com.remotexs.ntu.edu.sg/doi/10.1002/humu.22683
